{
  "admin": {
    "id": 1,
    "full_name": "Taimoor Ahmed",
    "username": "taimoor kashmiri",
    "email": "ta7014176@gmail.com",
    "password_plain_for_init": "tai583611",
    "country": "Pakistan",
    "phone": "+92 3488432032",
    "cnic": "81202-4242866-1",
    "wallet_balance": 0.0,
    "account_number": "PL-2244-10000001-2",
    "transfer_pin_plain": "524549",
    "transfer_pin_hash": "pbkdf2_sha256$200000$iCPFsbPbxI+rJpmhoo2S4w==$hxcmMIQ1FTtXi23g3SiCi7GWYqk7k61bCnJ9lyQ2wJ4=",
    "preferred_language": "Urdu",
    "allow_external_transfers": "Yes",
    "enable_2fa": "Yes",
    "email_notifications": "Yes",
    "sms_notifications": "Yes",
    "admin_message": "Welcome to PayLink Admin Dashboard",
    "created_at": "2025-10-14T14:53:54.261278Z"
  }
}